/index.html          https://ent.drmsharabi.com/            301
/about.html          https://ent.drmsharabi.com/about       301
/services.html       https://ent.drmsharabi.com/services    301
/gallery.html        https://ent.drmsharabi.com/gallery     301
/testimonials.html   https://ent.drmsharabi.com/testimonials 301
/contact.html        https://ent.drmsharabi.com/contact     301
/blog.html           https://ent.drmsharabi.com/blog        301
/blog-polyps.html    https://ent.drmsharabi.com/blog-polyps 301
/blog-fluid-ear.html https://ent.drmsharabi.com/blog-fluid-ear 301
/blog-tinnitus.html  https://ent.drmsharabi.com/blog-tinnitus 301
/blog-tympanoplasty.html https://ent.drmsharabi.com/blog-tympanoplasty 301
/blog-tonsil.html    https://ent.drmsharabi.com/blog-tonsil 301
/blog-aso.html       https://ent.drmsharabi.com/blog-aso   301
/blog-smell.html     https://ent.drmsharabi.com/blog-smell 301
/blog-migraine.html  https://ent.drmsharabi.com/blog-migraine 301
/blog-snoring.html   https://ent.drmsharabi.com/blog-snoring 301
/q&a.html            https://ent.drmsharabi.com/q&a        301
/role.html           https://ent.drmsharabi.com/role       301
/*                   https://ent.drmsharabi.com/          301
